datetime,symbol,open,high,low,close,volume
2026-05-28 00:00:00,PEPPERSTONE:GER40,25109.8,25116.1,25109.1,25113.3,558.0
2026-05-28 00:05:00,PEPPERSTONE:GER40,25113.8,25116.6,25092.0,25095.8,756.0
2026-05-28 00:10:00,PEPPERSTONE:GER40,25095.1,25098.1,25075.6,25090.8,868.0
2026-05-28 00:15:00,PEPPERSTONE:GER40,25090.1,25097.1,25060.2,25060.5,748.0
2026-05-28 00:20:00,PEPPERSTONE:GER40,25061.1,25070.6,25056.1,25065.1,736.0
2026-05-28 00:25:00,PEPPERSTONE:GER40,25064.5,25067.8,25045.7,25054.3,684.0
2026-05-28 00:30:00,PEPPERSTONE:GER40,25053.6,25056.1,25020.5,25023.1,876.0
2026-05-28 00:35:00,PEPPERSTONE:GER40,25023.6,25029.3,24969.1,24977.3,1348.0
2026-05-28 00:40:00,PEPPERSTONE:GER40,24977.1,24988.7,24965.7,24969.5,1564.0
2026-05-28 00:45:00,PEPPERSTONE:GER40,24967.2,24986.4,24967.0,24977.0,1458.0
2026-05-28 00:50:00,PEPPERSTONE:GER40,24976.1,24980.2,24958.1,24972.1,1202.0
2026-05-28 00:55:00,PEPPERSTONE:GER40,24972.8,24973.2,24957.9,24959.5,1130.0
2026-05-28 01:00:00,PEPPERSTONE:GER40,24962.2,24963.2,24921.5,24930.7,984.0
2026-05-28 01:05:00,PEPPERSTONE:GER40,24931.3,24959.9,24922.6,24959.1,842.0
2026-05-28 01:10:00,PEPPERSTONE:GER40,24959.7,24961.6,24913.2,24920.1,794.0
2026-05-28 01:15:00,PEPPERSTONE:GER40,24920.7,24938.0,24917.5,24917.5,880.0
2026-05-28 01:20:00,PEPPERSTONE:GER40,24918.1,24925.5,24905.1,24918.6,952.0
2026-05-28 01:25:00,PEPPERSTONE:GER40,24920.6,24926.7,24911.2,24924.6,788.0
2026-05-28 01:30:00,PEPPERSTONE:GER40,24924.1,24945.1,24923.6,24941.6,772.0
2026-05-28 01:35:00,PEPPERSTONE:GER40,24942.1,24969.1,24940.3,24961.1,520.0
2026-05-28 01:40:00,PEPPERSTONE:GER40,24961.7,24971.1,24952.3,24952.3,696.0
2026-05-28 01:45:00,PEPPERSTONE:GER40,24951.6,24953.4,24936.1,24941.9,824.0
2026-05-28 01:50:00,PEPPERSTONE:GER40,24942.1,24955.8,24938.3,24954.1,680.0
2026-05-28 01:55:00,PEPPERSTONE:GER40,24956.6,24966.0,24944.8,24953.1,622.0
2026-05-28 02:00:00,PEPPERSTONE:GER40,24954.1,24958.3,24935.3,24944.8,918.0
2026-05-28 02:05:00,PEPPERSTONE:GER40,24940.7,24958.0,24934.8,24949.8,738.0
2026-05-28 02:10:00,PEPPERSTONE:GER40,24949.7,24972.1,24941.6,24964.6,844.0
2026-05-28 02:15:00,PEPPERSTONE:GER40,24963.9,24966.7,24934.6,24946.1,760.0
2026-05-28 02:20:00,PEPPERSTONE:GER40,24946.7,24981.5,24942.5,24981.5,816.0
2026-05-28 02:25:00,PEPPERSTONE:GER40,24981.7,24997.6,24981.7,24995.6,638.0
2026-05-28 02:30:00,PEPPERSTONE:GER40,24995.5,25043.6,24992.6,25042.1,844.0
2026-05-28 02:35:00,PEPPERSTONE:GER40,25042.7,25054.1,25031.1,25053.6,940.0
2026-05-28 02:40:00,PEPPERSTONE:GER40,25054.1,25064.1,25051.5,25054.7,694.0
2026-05-28 02:45:00,PEPPERSTONE:GER40,25054.9,25066.1,25054.9,25058.6,536.0
2026-05-28 02:50:00,PEPPERSTONE:GER40,25058.3,25058.8,25047.5,25056.1,498.0
2026-05-28 02:55:00,PEPPERSTONE:GER40,25055.5,25057.7,25047.7,25053.3,558.0
2026-05-28 03:00:00,PEPPERSTONE:GER40,25053.1,25073.5,25043.9,25051.7,836.0
2026-05-28 03:05:00,PEPPERSTONE:GER40,25051.5,25052.3,25040.8,25045.4,690.0
2026-05-28 03:10:00,PEPPERSTONE:GER40,25045.3,25066.7,25041.3,25064.1,716.0
2026-05-28 03:15:00,PEPPERSTONE:GER40,25063.8,25073.1,25062.0,25066.2,580.0
2026-05-28 03:20:00,PEPPERSTONE:GER40,25066.3,25080.7,25065.8,25076.1,606.0
2026-05-28 03:25:00,PEPPERSTONE:GER40,25075.9,25086.1,25075.2,25076.8,690.0
2026-05-28 03:30:00,PEPPERSTONE:GER40,25076.7,25080.6,25065.3,25065.8,836.0
2026-05-28 03:35:00,PEPPERSTONE:GER40,25065.7,25069.2,25050.6,25062.1,606.0
2026-05-28 03:40:00,PEPPERSTONE:GER40,25062.3,25071.6,25056.6,25071.4,684.0
2026-05-28 03:45:00,PEPPERSTONE:GER40,25071.3,25077.6,25063.9,25076.5,614.0
2026-05-28 03:50:00,PEPPERSTONE:GER40,25076.6,25077.8,25059.3,25067.7,894.0
2026-05-28 03:55:00,PEPPERSTONE:GER40,25067.6,25097.1,25066.6,25083.2,862.0
2026-05-28 04:00:00,PEPPERSTONE:GER40,25082.6,25115.5,25068.2,25115.3,2040.0
2026-05-28 04:05:00,PEPPERSTONE:GER40,25107.5,25143.5,25104.5,25133.3,1750.0
2026-05-28 04:10:00,PEPPERSTONE:GER40,25134.5,25151.0,25115.0,25131.8,1696.0
2026-05-28 04:15:00,PEPPERSTONE:GER40,25134.7,25146.3,25120.5,25145.9,1588.0
2026-05-28 04:20:00,PEPPERSTONE:GER40,25146.2,25148.2,25124.1,25136.7,1550.0
2026-05-28 04:25:00,PEPPERSTONE:GER40,25137.2,25142.7,25123.3,25140.0,1440.0
2026-05-28 04:30:00,PEPPERSTONE:GER40,25139.9,25147.5,25113.2,25116.8,1510.0
2026-05-28 04:35:00,PEPPERSTONE:GER40,25117.1,25150.6,25113.4,25138.5,1408.0
2026-05-28 04:40:00,PEPPERSTONE:GER40,25137.7,25149.8,25123.2,25123.8,1358.0
2026-05-28 04:45:00,PEPPERSTONE:GER40,25123.6,25129.1,25088.7,25112.3,1600.0
2026-05-28 04:50:00,PEPPERSTONE:GER40,25112.5,25129.6,25095.8,25129.6,1400.0
2026-05-28 04:55:00,PEPPERSTONE:GER40,25129.5,25140.8,25109.0,25140.1,1382.0
2026-05-28 05:00:00,PEPPERSTONE:GER40,25143.6,25167.5,25130.0,25134.2,1860.0
2026-05-28 05:05:00,PEPPERSTONE:GER40,25134.3,25166.8,25122.0,25158.6,1646.0
2026-05-28 05:10:00,PEPPERSTONE:GER40,25159.0,25174.8,25151.8,25165.8,1522.0
2026-05-28 05:15:00,PEPPERSTONE:GER40,25165.7,25169.6,25154.5,25157.0,1350.0
2026-05-28 05:20:00,PEPPERSTONE:GER40,25156.1,25167.3,25147.6,25148.2,1260.0
2026-05-28 05:25:00,PEPPERSTONE:GER40,25147.9,25150.7,25119.8,25139.2,1514.0
2026-05-28 05:30:00,PEPPERSTONE:GER40,25139.0,25144.8,25126.8,25129.5,1216.0
2026-05-28 05:35:00,PEPPERSTONE:GER40,25129.7,25135.2,25116.8,25131.3,1292.0
2026-05-28 05:40:00,PEPPERSTONE:GER40,25131.5,25136.8,25126.3,25134.6,1082.0
2026-05-28 05:45:00,PEPPERSTONE:GER40,25136.2,25142.5,25131.3,25140.7,1076.0
2026-05-28 05:50:00,PEPPERSTONE:GER40,25138.8,25153.2,25134.5,25146.8,1018.0
2026-05-28 05:55:00,PEPPERSTONE:GER40,25146.1,25159.1,25146.1,25158.6,886.0
2026-05-28 06:00:00,PEPPERSTONE:GER40,25158.3,25177.2,25154.2,25161.1,1004.0
2026-05-28 06:05:00,PEPPERSTONE:GER40,25161.8,25168.8,25137.1,25137.4,1130.0
2026-05-28 06:10:00,PEPPERSTONE:GER40,25138.0,25158.8,25137.6,25158.3,1022.0
2026-05-28 06:15:00,PEPPERSTONE:GER40,25158.5,25168.2,25146.6,25164.0,1098.0
2026-05-28 06:20:00,PEPPERSTONE:GER40,25164.2,25170.3,25152.5,25168.6,1078.0
2026-05-28 06:25:00,PEPPERSTONE:GER40,25168.4,25173.0,25146.5,25151.3,990.0
2026-05-28 06:30:00,PEPPERSTONE:GER40,25151.4,25152.5,25128.3,25130.3,1134.0
2026-05-28 06:35:00,PEPPERSTONE:GER40,25130.4,25140.8,25105.3,25109.2,1108.0
2026-05-28 06:40:00,PEPPERSTONE:GER40,25109.1,25118.5,25106.8,25114.3,1070.0
2026-05-28 06:45:00,PEPPERSTONE:GER40,25114.5,25145.2,25111.8,25142.8,1004.0
2026-05-28 06:50:00,PEPPERSTONE:GER40,25142.7,25152.3,25129.1,25129.3,1192.0
2026-05-28 06:55:00,PEPPERSTONE:GER40,25129.5,25132.8,25119.2,25123.3,896.0
2026-05-28 07:00:00,PEPPERSTONE:GER40,25123.2,25137.1,25115.8,25118.2,1094.0
2026-05-28 07:05:00,PEPPERSTONE:GER40,25117.6,25124.7,25104.6,25121.3,1058.0
2026-05-28 07:10:00,PEPPERSTONE:GER40,25121.6,25130.0,25111.5,25120.0,996.0
2026-05-28 07:15:00,PEPPERSTONE:GER40,25119.8,25122.6,25098.1,25098.2,1106.0
2026-05-28 07:20:00,PEPPERSTONE:GER40,25098.3,25109.1,25083.8,25090.0,1234.0
2026-05-28 07:25:00,PEPPERSTONE:GER40,25089.8,25107.8,25084.4,25092.0,1118.0
2026-05-28 07:30:00,PEPPERSTONE:GER40,25091.8,25100.2,25081.3,25087.0,1216.0
2026-05-28 07:35:00,PEPPERSTONE:GER40,25086.9,25088.0,25064.8,25074.5,1028.0
2026-05-28 07:40:00,PEPPERSTONE:GER40,25074.3,25081.8,25060.8,25067.0,1080.0
2026-05-28 07:45:00,PEPPERSTONE:GER40,25067.1,25079.8,25058.8,25075.3,1204.0
2026-05-28 07:50:00,PEPPERSTONE:GER40,25075.5,25076.5,25002.3,25059.8,1478.0
2026-05-28 07:55:00,PEPPERSTONE:GER40,25060.3,25061.0,25027.1,25035.7,1278.0
2026-05-28 08:00:00,PEPPERSTONE:GER40,25037.0,25062.3,25030.8,25040.8,1580.0
2026-05-28 08:05:00,PEPPERSTONE:GER40,25040.6,25045.2,25030.5,25044.6,1256.0
2026-05-28 08:10:00,PEPPERSTONE:GER40,25044.7,25053.6,25030.1,25042.3,1126.0
2026-05-28 08:15:00,PEPPERSTONE:GER40,25041.6,25053.3,25041.5,25046.5,1128.0
2026-05-28 08:20:00,PEPPERSTONE:GER40,25046.7,25055.1,25043.2,25054.3,1120.0
2026-05-28 08:25:00,PEPPERSTONE:GER40,25054.6,25066.3,25053.3,25059.7,898.0
2026-05-28 08:30:00,PEPPERSTONE:GER40,25059.6,25069.2,25051.6,25065.3,866.0
2026-05-28 08:35:00,PEPPERSTONE:GER40,25065.2,25065.8,25038.3,25041.1,932.0
2026-05-28 08:40:00,PEPPERSTONE:GER40,25041.0,25060.8,25039.7,25056.7,1018.0
2026-05-28 08:45:00,PEPPERSTONE:GER40,25056.5,25057.5,25033.7,25038.0,886.0
2026-05-28 08:50:00,PEPPERSTONE:GER40,25037.8,25042.8,25030.8,25033.3,1030.0
2026-05-28 08:55:00,PEPPERSTONE:GER40,25033.6,25042.2,25025.2,25025.2,846.0
2026-05-28 09:00:00,PEPPERSTONE:GER40,25025.1,25030.8,25010.0,25014.3,986.0
2026-05-28 09:05:00,PEPPERSTONE:GER40,25014.2,25023.8,25010.6,25017.8,1088.0
2026-05-28 09:10:00,PEPPERSTONE:GER40,25017.7,25034.0,25016.2,25033.1,990.0
2026-05-28 09:15:00,PEPPERSTONE:GER40,25032.5,25037.4,25022.5,25022.5,826.0
2026-05-28 09:20:00,PEPPERSTONE:GER40,25022.9,25024.1,24992.6,24998.7,1082.0
2026-05-28 09:25:00,PEPPERSTONE:GER40,25002.2,25018.3,25001.8,25013.6,780.0
2026-05-28 09:30:00,PEPPERSTONE:GER40,25013.7,25033.9,25010.8,25025.2,1244.0
2026-05-28 09:35:00,PEPPERSTONE:GER40,25027.1,25054.5,25026.6,25048.4,1258.0
2026-05-28 09:40:00,PEPPERSTONE:GER40,25048.5,25060.3,25043.2,25056.7,1256.0
2026-05-28 09:45:00,PEPPERSTONE:GER40,25056.5,25073.7,25049.2,25059.3,1294.0
2026-05-28 09:50:00,PEPPERSTONE:GER40,25059.2,25070.7,25054.2,25057.6,1156.0
2026-05-28 09:55:00,PEPPERSTONE:GER40,25057.3,25073.8,25052.3,25070.5,1140.0
2026-05-28 10:00:00,PEPPERSTONE:GER40,25071.5,25097.2,25071.3,25088.3,1428.0
2026-05-28 10:05:00,PEPPERSTONE:GER40,25088.6,25089.7,25041.5,25042.3,1220.0
2026-05-28 10:10:00,PEPPERSTONE:GER40,25042.6,25054.3,25038.0,25042.3,1088.0
2026-05-28 10:15:00,PEPPERSTONE:GER40,25042.5,25046.6,25034.4,25037.8,1070.0
2026-05-28 10:20:00,PEPPERSTONE:GER40,25037.6,25039.8,25020.1,25021.7,952.0
2026-05-28 10:25:00,PEPPERSTONE:GER40,25025.2,25029.5,25010.3,25011.1,1276.0
2026-05-28 10:30:00,PEPPERSTONE:GER40,25013.5,25021.5,25003.8,25009.6,1998.0
2026-05-28 10:35:00,PEPPERSTONE:GER40,25009.8,25009.8,24967.4,24977.0,1778.0
2026-05-28 10:40:00,PEPPERSTONE:GER40,24977.2,25027.5,24972.9,25026.1,1714.0
2026-05-28 10:45:00,PEPPERSTONE:GER40,25025.6,25043.1,25012.0,25012.0,1796.0
2026-05-28 10:50:00,PEPPERSTONE:GER40,25011.6,25040.3,24994.3,24998.6,1718.0
2026-05-28 10:55:00,PEPPERSTONE:GER40,24999.2,25036.8,24996.3,25036.8,1494.0
2026-05-28 11:00:00,PEPPERSTONE:GER40,25036.3,25049.2,25016.0,25024.0,1676.0
2026-05-28 11:05:00,PEPPERSTONE:GER40,25021.8,25025.0,25002.5,25005.9,1514.0
2026-05-28 11:10:00,PEPPERSTONE:GER40,25006.0,25246.8,24998.9,25182.2,1956.0
2026-05-28 11:15:00,PEPPERSTONE:GER40,25182.3,25192.8,25133.3,25138.0,2202.0
2026-05-28 11:20:00,PEPPERSTONE:GER40,25138.3,25140.8,25111.6,25122.3,2048.0
2026-05-28 11:25:00,PEPPERSTONE:GER40,25122.1,25128.5,25104.3,25122.5,1964.0
2026-05-28 11:30:00,PEPPERSTONE:GER40,25123.1,25132.5,25083.7,25088.5,2007.0
2026-05-28 11:35:00,PEPPERSTONE:GER40,25088.2,25096.5,25072.8,25091.8,1814.0
2026-05-28 11:40:00,PEPPERSTONE:GER40,25090.5,25122.5,25088.8,25103.5,1804.0
2026-05-28 11:45:00,PEPPERSTONE:GER40,25103.1,25106.3,25047.0,25078.2,2000.0
2026-05-28 11:50:00,PEPPERSTONE:GER40,25078.3,25088.6,25055.5,25056.3,1776.0
2026-05-28 11:55:00,PEPPERSTONE:GER40,25056.5,25060.1,25010.5,25046.8,1716.0
2026-05-28 12:00:00,PEPPERSTONE:GER40,25046.7,25077.8,25041.0,25077.8,1846.0
2026-05-28 12:05:00,PEPPERSTONE:GER40,25079.1,25091.3,25062.8,25068.8,1672.0
2026-05-28 12:10:00,PEPPERSTONE:GER40,25068.2,25081.0,25058.0,25075.0,1576.0
2026-05-28 12:15:00,PEPPERSTONE:GER40,25076.0,25076.2,25046.5,25051.3,1410.0
2026-05-28 12:20:00,PEPPERSTONE:GER40,25051.5,25070.3,25049.3,25068.2,1490.0
2026-05-28 12:25:00,PEPPERSTONE:GER40,25068.3,25096.5,25068.3,25090.8,1624.0
2026-05-28 12:30:00,PEPPERSTONE:GER40,25091.6,25093.8,25063.0,25077.6,1760.0
2026-05-28 12:35:00,PEPPERSTONE:GER40,25078.0,25085.2,25075.2,25078.4,1464.0
2026-05-28 12:40:00,PEPPERSTONE:GER40,25078.6,25080.1,25058.1,25072.4,1142.0
2026-05-28 12:45:00,PEPPERSTONE:GER40,25072.2,25078.6,25068.3,25069.9,968.0
2026-05-28 12:50:00,PEPPERSTONE:GER40,25070.0,25085.7,25070.0,25084.1,760.0
2026-05-28 12:55:00,PEPPERSTONE:GER40,25083.9,25093.9,25078.9,25083.1,664.0
2026-05-28 13:00:00,PEPPERSTONE:GER40,25083.2,25083.7,25068.1,25074.4,912.0
2026-05-28 13:05:00,PEPPERSTONE:GER40,25074.3,25089.5,25073.2,25084.6,882.0
2026-05-28 13:10:00,PEPPERSTONE:GER40,25084.8,25101.8,25082.9,25101.6,778.0
2026-05-28 13:15:00,PEPPERSTONE:GER40,25101.8,25134.3,25093.6,25129.6,1380.0
2026-05-28 13:20:00,PEPPERSTONE:GER40,25129.4,25154.4,25116.6,25140.6,1218.0
2026-05-28 13:25:00,PEPPERSTONE:GER40,25140.8,25145.9,25125.9,25126.4,1134.0
2026-05-28 13:30:00,PEPPERSTONE:GER40,25126.6,25127.2,25111.1,25111.6,798.0
2026-05-28 13:35:00,PEPPERSTONE:GER40,25111.7,25119.1,25102.5,25117.3,854.0
2026-05-28 13:40:00,PEPPERSTONE:GER40,25117.4,25121.8,25110.5,25120.3,872.0
2026-05-28 13:45:00,PEPPERSTONE:GER40,25120.5,25131.2,25120.5,25129.7,746.0
2026-05-28 13:50:00,PEPPERSTONE:GER40,25129.8,25136.3,25129.8,25135.1,838.0
2026-05-28 13:55:00,PEPPERSTONE:GER40,25135.6,25153.6,25132.6,25148.6,632.0
2026-05-28 14:00:00,PEPPERSTONE:GER40,25149.6,25153.2,25132.6,25132.7,618.0
2026-05-28 14:05:00,PEPPERSTONE:GER40,25132.8,25133.0,25125.8,25132.6,688.0
2026-05-28 14:10:00,PEPPERSTONE:GER40,25134.0,25136.4,25128.2,25128.7,580.0
2026-05-28 14:15:00,PEPPERSTONE:GER40,25128.6,25136.6,25122.8,25134.8,558.0
2026-05-28 14:20:00,PEPPERSTONE:GER40,25135.1,25139.1,25132.5,25132.8,484.0
2026-05-28 14:25:00,PEPPERSTONE:GER40,25132.7,25132.8,25119.1,25121.5,576.0
2026-05-28 14:30:00,PEPPERSTONE:GER40,25121.6,25129.5,25119.8,25127.5,476.0
2026-05-28 14:35:00,PEPPERSTONE:GER40,25127.1,25130.4,25119.4,25119.4,488.0
2026-05-28 14:40:00,PEPPERSTONE:GER40,25119.5,25120.3,25112.4,25114.7,352.0
2026-05-28 14:45:00,PEPPERSTONE:GER40,25114.6,25123.8,25114.4,25122.8,538.0
2026-05-28 14:50:00,PEPPERSTONE:GER40,25123.3,25124.8,25120.5,25120.5,388.0
2026-05-28 14:55:00,PEPPERSTONE:GER40,25120.6,25122.1,25116.1,25119.7,468.0
2026-05-28 15:00:00,PEPPERSTONE:GER40,25119.6,25120.0,25112.7,25119.3,534.0
2026-05-28 15:05:00,PEPPERSTONE:GER40,25119.1,25127.2,25118.6,25120.6,402.0
2026-05-28 15:10:00,PEPPERSTONE:GER40,25120.4,25120.4,25104.8,25108.8,732.0
2026-05-28 15:15:00,PEPPERSTONE:GER40,25109.6,25125.8,25097.4,25104.8,1066.0
2026-05-28 15:20:00,PEPPERSTONE:GER40,25104.6,25114.7,25100.7,25110.6,1030.0
2026-05-28 15:25:00,PEPPERSTONE:GER40,25109.6,25111.7,25095.1,25098.6,714.0
2026-05-28 15:30:00,PEPPERSTONE:GER40,25097.4,25098.1,25080.6,25080.8,574.0
2026-05-28 15:35:00,PEPPERSTONE:GER40,25079.5,25087.8,25073.7,25079.1,572.0
2026-05-28 15:40:00,PEPPERSTONE:GER40,25080.1,25085.2,25078.1,25084.4,562.0
2026-05-28 15:45:00,PEPPERSTONE:GER40,25083.9,25092.6,25082.7,25092.6,384.0
2026-05-28 15:50:00,PEPPERSTONE:GER40,25092.4,25105.2,25091.1,25104.2,486.0
2026-05-28 15:55:00,PEPPERSTONE:GER40,25103.8,25104.5,25089.8,25089.9,602.0
2026-05-28 16:00:00,PEPPERSTONE:GER40,25090.6,25094.3,25083.7,25092.2,390.0
2026-05-28 16:05:00,PEPPERSTONE:GER40,25092.1,25098.8,25091.6,25098.1,290.0
2026-05-28 16:10:00,PEPPERSTONE:GER40,25097.8,25098.5,25084.1,25084.4,376.0
2026-05-28 16:15:00,PEPPERSTONE:GER40,25084.6,25087.0,25076.2,25079.6,468.0
2026-05-28 16:20:00,PEPPERSTONE:GER40,25079.7,25083.3,25076.3,25081.5,446.0
2026-05-28 16:25:00,PEPPERSTONE:GER40,25081.9,25083.8,25077.5,25081.2,452.0
2026-05-28 16:30:00,PEPPERSTONE:GER40,25081.3,25093.8,25081.1,25090.4,576.0
2026-05-28 16:35:00,PEPPERSTONE:GER40,25090.8,25094.1,25085.8,25093.2,564.0
2026-05-28 16:40:00,PEPPERSTONE:GER40,25092.7,25092.9,25080.7,25080.7,488.0
2026-05-28 16:45:00,PEPPERSTONE:GER40,25080.8,25090.6,25075.8,25086.9,502.0
2026-05-28 16:50:00,PEPPERSTONE:GER40,25082.4,25096.9,25082.1,25096.9,850.0
2026-05-28 16:55:00,PEPPERSTONE:GER40,25097.1,25097.1,25082.1,25093.1,668.0
