Symbol,Side,Type,Quantity,Limit price,Stop price,Fill price,Status,Commission,Placing time,Closing time,Order ID,Level ID,Leverage,Margin
FOREXCOM:US30,Sell,Market,30,,,50704.5,Filled,0.9,2026-05-28 17:02:30,2026-05-28 17:02:30,3122545961,,100:1,"15,211.35 USD"
FOREXCOM:US30,Sell,Market,30,,,50669.5,Filled,0.9,2026-05-28 16:51:26,2026-05-28 16:51:26,3122520139,,100:1,"15,200.85 USD"
TRADENATION:USTEC,Sell,Market,40,,,30200.8,Filled,0.9,2026-05-28 12:28:56,2026-05-28 12:28:56,3121626419,,100:1,"12,080.32 USD"
TRADENATION:USTEC,Sell,Market,40,,,30141.1,Filled,0.9,2026-05-28 12:15:38,2026-05-28 12:15:38,3121566278,,100:1,"12,056.44 USD"
TRADENATION:USTEC,Sell,Market,40,,,30086.3,Filled,0.9,2026-05-28 11:17:00,2026-05-28 11:17:00,3121201382,,100:1,"12,034.52 USD"
FOREXCOM:US30,Sell,Market,20,,,50707.5,Filled,0.9,2026-05-28 17:03:31,2026-05-28 17:03:31,3122548060,,100:1,"10,141.50 USD"
FOREXCOM:US30,Buy,Market,20,,,50677.9,Filled,0.9,2026-05-28 16:54:35,2026-05-28 16:54:35,3122528249,,100:1,"10,135.58 USD"
TRADENATION:USTEC,Sell,Market,30,,,30240.2,Filled,0.9,2026-05-28 13:27:27,2026-05-28 13:27:27,3121867227,,100:1,"9,072.06 USD"
TRADENATION:USTEC,Sell,Market,30,,,30217.3,Filled,0.9,2026-05-28 12:39:12,2026-05-28 12:39:12,3121670636,,100:1,"9,065.19 USD"
TRADENATION:USTEC,Sell,Market,30,,,30153.9,Filled,0.9,2026-05-28 12:06:46,2026-05-28 12:06:46,3121522925,,100:1,"9,046.17 USD"
TRADENATION:USTEC,Buy,Market,30,,,30063.2,Filled,0.9,2026-05-28 11:42:23,2026-05-28 11:42:23,3121385985,,100:1,"9,018.96 USD"
TRADENATION:USTEC,Sell,Market,30,,,30055.2,Filled,0.9,2026-05-28 11:13:23,2026-05-28 11:13:23,3121157168,,100:1,"9,016.56 USD"
WHSELFINVEST:JAPAN225CFD,Sell,Market,2000,,,65914,Filled,0.9,2026-05-28 22:08:55,2026-05-28 22:08:55,3122964358,,100:1,"8,257.71 USD"
TRADENATION:USTEC,Buy,Market,20,,,30251.7,Filled,0.9,2026-05-28 13:58:40,2026-05-28 13:58:40,3121986066,,100:1,"6,050.34 USD"
TRADENATION:USTEC,Sell,Market,20,,,30089.7,Filled,0.9,2026-05-28 11:18:48,2026-05-28 11:18:48,3121218173,,100:1,"6,017.94 USD"
FOREXCOM:US30,Buy,Market,10,,,50709.9,Filled,0.9,2026-05-28 17:01:29,2026-05-28 17:01:29,3122543685,,100:1,"5,070.99 USD"
FOREXCOM:US30,Buy,Market,10,,,50708.4,Filled,0.9,2026-05-28 17:03:21,2026-05-28 17:03:21,3122547707,,100:1,"5,070.84 USD"
FOREXCOM:US30,Buy,Market,10,,,50702.9,Filled,0.9,2026-05-28 17:02:46,2026-05-28 17:02:46,3122546479,,100:1,"5,070.29 USD"
FOREXCOM:US30,Buy,Market,10,,,50692.4,Filled,0.9,2026-05-28 16:55:40,2026-05-28 16:55:40,3122530888,,100:1,"5,069.24 USD"
FOREXCOM:US30,Sell,Market,10,,,50681,Filled,0.9,2026-05-28 16:53:52,2026-05-28 16:53:52,3122526424,,100:1,"5,068.10 USD"
FOREXCOM:US30,Sell,Market,10,,,50676.5,Filled,0.9,2026-05-28 16:53:40,2026-05-28 16:53:40,3122525997,,100:1,"5,067.65 USD"
FOREXCOM:US30,Buy,Market,10,,,50673.4,Filled,0.9,2026-05-28 16:57:03,2026-05-28 16:57:03,3122534058,,100:1,"5,067.34 USD"
FOREXCOM:US30,Buy,Market,10,,,50665.9,Filled,0.9,2026-05-28 16:46:32,2026-05-28 16:46:32,3122508296,,100:1,"5,066.59 USD"
FOREXCOM:US30,Buy,Market,10,,,50664.4,Filled,0.9,2026-05-28 16:46:24,2026-05-28 16:46:24,3122507939,,100:1,"5,066.44 USD"
FOREXCOM:US30,Buy,Market,10,,,50653.4,Filled,0.9,2026-05-28 16:47:28,2026-05-28 16:47:28,3122510548,,100:1,"5,065.34 USD"
WHSELFINVEST:JAPAN225CFD,Sell,Market,1000,,,65917,Filled,0.9,2026-05-28 21:11:31,2026-05-28 21:11:31,3122857880,,100:1,"4,129.04 USD"
TRADENATION:USTEC,Sell,Market,10,,,30244.8,Filled,0.9,2026-05-28 13:47:27,2026-05-28 13:47:27,3121943724,,100:1,"3,024.48 USD"
TRADENATION:USTEC,Buy,Market,10,,,30239.4,Filled,0.9,2026-05-28 13:29:07,2026-05-28 13:29:07,3121873383,,100:1,"3,023.94 USD"
TRADENATION:USTEC,Sell,Market,10,,,30237,Filled,0.9,2026-05-28 13:55:59,2026-05-28 13:55:59,3121976117,,100:1,"3,023.70 USD"
TRADENATION:USTEC,Sell,Market,10,,,30232.8,Filled,0.9,2026-05-28 13:52:18,2026-05-28 13:52:18,3121962863,,100:1,"3,023.28 USD"
TRADENATION:USTEC,Buy,Market,10,,,30212.1,Filled,0.9,2026-05-28 12:39:46,2026-05-28 12:39:46,3121672778,,100:1,"3,021.21 USD"
TRADENATION:USTEC,Buy,Market,10,,,30205.9,Filled,0.9,2026-05-28 12:41:00,2026-05-28 12:41:00,3121678015,,100:1,"3,020.59 USD"
TRADENATION:USTEC,Buy,Market,10,,,30203.4,Filled,0.9,2026-05-28 12:29:11,2026-05-28 12:29:12,3121627553,,100:1,"3,020.34 USD"
TRADENATION:USTEC,Buy,Market,10,,,30201.4,Filled,0.9,2026-05-28 12:42:59,2026-05-28 12:42:59,3121686214,,100:1,"3,020.14 USD"
TRADENATION:USTEC,Buy,Market,10,,,30196,Filled,0.9,2026-05-28 12:31:22,2026-05-28 12:31:22,3121637777,,100:1,"3,019.60 USD"
TRADENATION:USTEC,Buy,Market,10,,,30194,Filled,0.9,2026-05-28 12:29:52,2026-05-28 12:29:52,3121630541,,100:1,"3,019.40 USD"
TRADENATION:USTEC,Buy,Market,10,,,30172.4,Filled,0.9,2026-05-28 12:07:51,2026-05-28 12:07:51,3121528545,,100:1,"3,017.24 USD"
TRADENATION:USTEC,Buy,Market,10,,,30168.5,Filled,0.9,2026-05-28 12:17:42,2026-05-28 12:17:42,3121576568,,100:1,"3,016.85 USD"
TRADENATION:USTEC,Buy,Market,10,,,30168.3,Filled,0.9,2026-05-28 12:07:31,2026-05-28 12:07:31,3121526852,,100:1,"3,016.83 USD"
TRADENATION:USTEC,Buy,Market,10,,,30168.3,Filled,0.9,2026-05-28 12:17:31,2026-05-28 12:17:31,3121575714,,100:1,"3,016.83 USD"
TRADENATION:USTEC,Buy,Market,10,,,30167.5,Filled,0.9,2026-05-28 12:17:23,2026-05-28 12:17:23,3121574961,,100:1,"3,016.75 USD"
TRADENATION:USTEC,Buy,Market,10,,,30164.8,Filled,0.9,2026-05-28 12:17:51,2026-05-28 12:17:52,3121577127,,100:1,"3,016.48 USD"
TRADENATION:USTEC,Buy,Market,10,,,30162.7,Filled,0.9,2026-05-28 12:07:16,2026-05-28 12:07:16,3121525592,,100:1,"3,016.27 USD"
TRADENATION:USTEC,Buy,Market,10,,,30157.6,Filled,0.9,2026-05-28 12:08:45,2026-05-28 12:08:45,3121533232,,100:1,"3,015.76 USD"
TRADENATION:USTEC,Buy,Market,10,,,30154.7,Filled,0.9,2026-05-28 12:02:49,2026-05-28 12:02:49,3121501680,,100:1,"3,015.47 USD"
TRADENATION:USTEC,Buy,Market,10,,,30152.7,Filled,0.9,2026-05-28 12:03:18,2026-05-28 12:03:18,3121504435,,100:1,"3,015.27 USD"
TRADENATION:USTEC,Buy,Market,10,,,30139.4,Filled,0.9,2026-05-28 12:01:02,2026-05-28 12:01:02,3121489838,,100:1,"3,013.94 USD"
TRADENATION:USTEC,Buy,Market,10,,,30099.6,Filled,0.9,2026-05-28 11:14:10,2026-05-28 11:14:10,3121166909,,100:1,"3,009.96 USD"
TRADENATION:USTEC,Buy,Market,10,,,30097.5,Filled,0.9,2026-05-28 11:14:17,2026-05-28 11:14:17,3121168543,,100:1,"3,009.75 USD"
TRADENATION:USTEC,Sell,Market,10,,,30086,Filled,0.9,2026-05-28 11:40:50,2026-05-28 11:40:50,3121376025,,100:1,"3,008.60 USD"
TRADENATION:USTEC,Sell,Market,10,,,30081.9,Filled,0.9,2026-05-28 11:49:17,2026-05-28 11:49:17,3121428850,,100:1,"3,008.19 USD"
TRADENATION:USTEC,Sell,Market,10,,,30081.4,Filled,0.9,2026-05-28 11:43:38,2026-05-28 11:43:38,3121392842,,100:1,"3,008.14 USD"
TRADENATION:USTEC,Sell,Market,10,,,30079.9,Filled,0.9,2026-05-28 11:50:23,2026-05-28 11:50:23,3121434774,,100:1,"3,007.99 USD"
TRADENATION:USTEC,Buy,Market,10,,,30079.2,Filled,0.9,2026-05-28 11:17:18,2026-05-28 11:17:18,3121204622,,100:1,"3,007.92 USD"
TRADENATION:USTEC,Sell,Market,10,,,30076.8,Filled,0.9,2026-05-28 11:29:23,2026-05-28 11:29:23,3121304111,,100:1,"3,007.68 USD"
TRADENATION:USTEC,Buy,Market,10,,,30075.6,Filled,0.9,2026-05-28 11:14:34,2026-05-28 11:14:35,3121171968,,100:1,"3,007.56 USD"
TRADENATION:USTEC,Sell,Market,10,,,30075.6,Filled,0.9,2026-05-28 11:20:05,2026-05-28 11:20:05,3121229364,,100:1,"3,007.56 USD"
TRADENATION:USTEC,Sell,Market,10,,,30072.8,Filled,0.9,2026-05-28 11:37:39,2026-05-28 11:37:39,3121358045,,100:1,"3,007.28 USD"
TRADENATION:USTEC,Buy,Market,10,,,30064.6,Filled,0.9,2026-05-28 11:18:15,2026-05-28 11:18:15,3121213278,,100:1,"3,006.46 USD"
TRADENATION:USTEC,Sell,Market,10,,,30062.1,Filled,0.9,2026-05-28 11:38:57,2026-05-28 11:38:57,3121365536,,100:1,"3,006.21 USD"
TRADENATION:USTEC,Buy,Market,10,,,30058.6,Filled,0.9,2026-05-28 11:38:17,2026-05-28 11:38:17,3121361732,,100:1,"3,005.86 USD"
TRADENATION:USTEC,Sell,Market,10,,,30056.4,Filled,0.9,2026-05-28 11:35:59,2026-05-28 11:35:59,3121348267,,100:1,"3,005.64 USD"
TRADENATION:USTEC,Sell,Market,10,,,30055.5,Filled,0.9,2026-05-28 11:27:18,2026-05-28 11:27:18,3121290325,,100:1,"3,005.55 USD"
TRADENATION:USTEC,Sell,Market,10,,,30052.5,Filled,0.9,2026-05-28 11:38:38,2026-05-28 11:38:38,3121363707,,100:1,"3,005.25 USD"
TRADENATION:USTEC,Buy,Market,10,,,30051.8,Filled,0.9,2026-05-28 11:16:14,2026-05-28 11:16:14,3121192277,,100:1,"3,005.18 USD"
TRADENATION:USTEC,Buy,Market,10,,,30050.5,Filled,0.9,2026-05-28 11:36:17,2026-05-28 11:36:17,3121350057,,100:1,"3,005.05 USD"
TRADENATION:USTEC,Sell,Market,10,,,30044.9,Filled,0.9,2026-05-28 11:26:16,2026-05-28 11:26:16,3121282204,,100:1,"3,004.49 USD"
TRADENATION:USTEC,Buy,Market,10,,,30023.6,Filled,0.9,2026-05-28 11:22:57,2026-05-28 11:22:57,3121253927,,100:1,"3,002.36 USD"
TRADENATION:USTEC,Buy,Market,10,,,29974.1,Filled,0.9,2026-05-28 11:09:51,2026-05-28 11:09:51,3121121667,,100:1,"2,997.41 USD"
TRADENATION:USTEC,Sell,Market,10,,,29966.8,Filled,0.9,2026-05-28 11:09:35,2026-05-28 11:09:35,3121119150,,100:1,"2,996.68 USD"
TRADENATION:USTEC,Buy,Market,10,,,29960.7,Filled,0.9,2026-05-28 11:10:42,2026-05-28 11:10:42,3121130959,,100:1,"2,996.07 USD"
TRADENATION:USTEC,Sell,Market,10,,,29957.3,Filled,0.9,2026-05-28 11:08:31,2026-05-28 11:08:31,3121109206,,100:1,"2,995.73 USD"
TRADENATION:USTEC,Buy,Market,10,,,29950.7,Filled,0.9,2026-05-28 11:08:17,2026-05-28 11:08:17,3121106877,,100:1,"2,995.07 USD"
TRADENATION:USTEC,Buy,Market,10,,,29950.4,Filled,0.9,2026-05-28 11:09:09,2026-05-28 11:09:09,3121115082,,100:1,"2,995.04 USD"
TRADENATION:USTEC,Buy,Market,10,,,29939.7,Filled,0.9,2026-05-28 11:10:59,2026-05-28 11:10:59,3121133811,,100:1,"2,993.97 USD"
FOREXCOM:GER40,Buy,Market,10,,,25038.8,Filled,0.9,2026-05-28 08:08:22,2026-05-28 08:08:22,3120297668,,100:1,"2,930.91 USD"
FOREXCOM:GER40,Sell,Market,10,,,25038.1,Filled,0.9,2026-05-28 08:05:21,2026-05-28 08:05:21,3120290218,,100:1,"2,930.83 USD"
TVC:SPX,Sell,Market,35,,,7565.19,Filled,0.9,2026-05-28 16:42:53,2026-05-28 16:42:53,3122499172,,100:1,"2,647.82 USD"
TVC:SPX,Buy,Market,35,,,7564.85,Filled,0.9,2026-05-28 16:43:29,2026-05-28 16:43:29,3122500668,,100:1,"2,647.70 USD"
TVC:SPX,Sell,Market,35,,,7564.43,Filled,0.9,2026-05-28 16:43:42,2026-05-28 16:43:42,3122501177,,100:1,"2,647.55 USD"
TVC:SPX,Buy,Market,35,,,7564.43,Filled,0.9,2026-05-28 16:45:24,2026-05-28 16:45:25,3122504993,,100:1,"2,647.55 USD"
WHSELFINVEST:JAPAN225CFD,Buy,Market,500,,,66016,Filled,0.9,2026-05-28 21:17:07,2026-05-28 21:17:08,3122868169,,100:1,"2,067.62 USD"
WHSELFINVEST:JAPAN225CFD,Buy,Market,500,,,65984,Filled,0.9,2026-05-28 21:16:16,2026-05-28 21:16:16,3122866509,,100:1,"2,066.62 USD"
WHSELFINVEST:JAPAN225CFD,Sell,Market,500,,,65979,Filled,0.9,2026-05-28 21:28:07,2026-05-28 21:28:07,3122888789,,100:1,"2,066.46 USD"
WHSELFINVEST:JAPAN225CFD,Buy,Market,500,,,65974,Filled,0.9,2026-05-28 21:29:03,2026-05-28 21:29:03,3122890364,,100:1,"2,066.31 USD"
WHSELFINVEST:JAPAN225CFD,Buy,Market,500,,,65966,Filled,0.9,2026-05-28 21:27:45,2026-05-28 21:27:45,3122888189,,100:1,"2,066.06 USD"
WHSELFINVEST:JAPAN225CFD,Buy,Market,500,,,65964,Filled,0.9,2026-05-28 21:15:57,2026-05-28 21:15:57,3122865884,,100:1,"2,065.99 USD"
WHSELFINVEST:JAPAN225CFD,Sell,Market,500,,,65952,Filled,0.9,2026-05-28 22:16:08,2026-05-28 22:16:08,3122980481,,100:1,"2,065.62 USD"
WHSELFINVEST:JAPAN225CFD,Sell,Market,500,,,65947,Filled,0.9,2026-05-28 21:14:43,2026-05-28 21:14:43,3122863557,,100:1,"2,065.46 USD"
WHSELFINVEST:JAPAN225CFD,Buy,Market,500,,,65939,Filled,0.9,2026-05-28 21:15:41,2026-05-28 21:15:41,3122865396,,100:1,"2,065.21 USD"
WHSELFINVEST:JAPAN225CFD,Buy,Market,500,,,65926,Filled,0.9,2026-05-28 21:06:49,2026-05-28 21:06:49,3122849810,,100:1,"2,064.80 USD"
WHSELFINVEST:JAPAN225CFD,Buy,Market,500,,,65909,Filled,0.9,2026-05-28 21:18:52,2026-05-28 21:18:52,3122871421,,100:1,"2,064.27 USD"
WHSELFINVEST:JAPAN225CFD,Sell,Market,500,,,65899,Filled,0.9,2026-05-28 22:12:52,2026-05-28 22:12:52,3122973396,,100:1,"2,063.96 USD"
WHSELFINVEST:JAPAN225CFD,Buy,Market,500,,,65896,Filled,0.9,2026-05-28 21:10:56,2026-05-28 21:10:56,3122856719,,100:1,"2,063.86 USD"
WHSELFINVEST:JAPAN225CFD,Sell,Market,500,,,65894,Filled,0.9,2026-05-28 21:11:50,2026-05-28 21:11:51,3122858419,,100:1,"2,063.80 USD"
WHSELFINVEST:JAPAN225CFD,Buy,Market,500,,,65854,Filled,0.9,2026-05-28 21:32:18,2026-05-28 21:32:18,3122896289,,100:1,"2,062.55 USD"
WHSELFINVEST:JAPAN225CFD,Sell,Market,500,,,65824,Filled,0.9,2026-05-28 22:14:00,2026-05-28 22:14:00,3122975907,,100:1,"2,061.61 USD"
WHSELFINVEST:JAPAN225CFD,Buy,Market,500,,,65801,Filled,0.9,2026-05-28 21:22:36,2026-05-28 21:22:36,3122878575,,100:1,"2,060.89 USD"
WHSELFINVEST:JAPAN225CFD,Buy,Market,500,,,65793,Filled,0.9,2026-05-28 20:59:33,2026-05-28 20:59:33,3122835675,,100:1,"2,060.64 USD"
WHSELFINVEST:JAPAN225CFD,Buy,Market,500,,,65779,Filled,0.9,2026-05-28 21:39:01,2026-05-28 21:39:01,3122908576,,100:1,"2,060.20 USD"
WHSELFINVEST:JAPAN225CFD,Buy,Market,500,,,65721,Filled,0.9,2026-05-28 21:49:18,2026-05-28 21:49:18,3122926200,,100:1,"2,058.38 USD"
WHSELFINVEST:JAPAN225CFD,Buy,Market,500,,,65600,Filled,0.9,2026-05-28 20:52:21,2026-05-28 20:52:21,3122827036,,100:1,"2,054.59 USD"
WHSELFINVEST:JAPAN225CFD,Sell,Market,500,,,65600,Filled,0.9,2026-05-28 20:51:46,2026-05-28 20:51:46,3122826251,,100:1,"2,054.59 USD"
WHSELFINVEST:JAPAN225CFD,Sell,Market,500,,,65599,Filled,0.9,2026-05-28 21:02:30,2026-05-28 21:02:30,3122841524,,100:1,"2,054.56 USD"
TVC:SPX,Sell,Market,1,,,7566.04,Filled,0.9,2026-05-28 16:42:33,2026-05-28 16:42:33,3122498416,,100:1,75.66 USD
TVC:SPX,Buy,Market,1,,,7565.83,Filled,0.9,2026-05-28 16:42:36,2026-05-28 16:42:36,3122498578,,100:1,75.66 USD
WHSELFINVEST:JAPAN225CFD,Sell,Take Profit,2000,65976,,,Cancelled,,2026-05-28 21:43:47,2026-05-28 22:08:55,3122917083,,,
WHSELFINVEST:JAPAN225CFD,Sell,Take Profit,2500,66007,,66014,Filled,0.9,2026-05-28 21:21:24,2026-05-28 21:26:34,3122876252,,,
WHSELFINVEST:JAPAN225CFD,Buy,Take Profit,500,65599,,,Cancelled,,2026-05-28 21:14:53,2026-05-28 21:15:41,3122863818,,,
WHSELFINVEST:JAPAN225CFD,Buy,Stop Loss,500,,65879,65894,Filled,0.9,2026-05-28 21:12:49,2026-05-28 21:13:04,3122860067,,,
WHSELFINVEST:JAPAN225CFD,Buy,Take Profit,500,65622,,,Cancelled,,2026-05-28 21:11:55,2026-05-28 21:13:04,3122858540,,,
FOREXCOM:GER40,Buy,Limit,10,24962,,,Cancelled,,2026-05-28 08:05:27,2026-05-28 08:08:22,3120290491,,,
TRADENATION:USTEC,Buy,Stop,10,,30053.2,30052.1,Filled,0.9,2026-05-28 11:21:09,2026-05-28 11:21:55,3121238221,,,
TRADENATION:USTEC,Sell,Stop,10,,30031.5,,Cancelled,,2026-05-28 11:25:56,2026-05-28 11:26:16,3121278907,,,
TRADENATION:USTEC,Buy,Stop,20,,30060.4,30061,Filled,0.9,2026-05-28 11:34:23,2026-05-28 11:34:33,3121337374,,,
TRADENATION:USTEC,Buy,Stop,30,,30121,,Cancelled,,2026-05-28 11:41:03,2026-05-28 11:42:23,3121377632,,,
TRADENATION:USTEC,Buy,Limit,10,29959.5,,,Cancelled,,2026-05-28 11:48:07,2026-05-28 11:48:08,3121422127,,,
TRADENATION:USTEC,Buy,Stop,10,,30077.5,30078,Filled,0.9,2026-05-28 11:45:31,2026-05-28 11:48:08,3121404378,,,
TRADENATION:USTEC,Buy,Stop,10,,30078,30080,Filled,0.9,2026-05-28 11:49:40,2026-05-28 11:50:07,3121430949,,,
TRADENATION:USTEC,Buy,Stop,10,,30118.8,30119.8,Filled,0.9,2026-05-28 11:52:49,2026-05-28 11:59:19,3121446887,,,
TRADENATION:USTEC,Sell,Limit,30,30299.5,,,Cancelled,,2026-05-28 12:01:10,2026-05-28 12:06:46,3121490814,,,
TRADENATION:USTEC,Buy,Market,10,,,,Rejected,,2026-05-28 12:18:08,2026-05-28 12:18:09,3121578324,,100:1,
TRADENATION:USTEC,Sell,Stop,40,,30082.3,,Cancelled,,2026-05-28 12:22:48,2026-05-28 12:28:56,3121598173,,,
TRADENATION:USTEC,Sell,Limit,40,30300.1,,,Cancelled,,2026-05-28 12:17:38,2026-05-28 12:28:56,3121576276,,,
TRADENATION:USTEC,Sell,Stop,30,,30202.8,,Cancelled,,2026-05-28 12:30:06,2026-05-28 12:39:12,3121631733,,,
TRADENATION:USTEC,Sell,Limit,30,30270.2,,,Cancelled,,2026-05-28 12:29:23,2026-05-28 12:39:12,3121628477,,,
TRADENATION:USTEC,Sell,Stop,30,,30107.2,,Cancelled,,2026-05-28 12:41:12,2026-05-28 13:27:27,3121678962,,,
TRADENATION:USTEC,Sell,Limit,30,30279.3,,,Cancelled,,2026-05-28 12:39:53,2026-05-28 13:27:27,3121673229,,,
TRADENATION:USTEC,Sell,Limit,10,30292.6,,,Cancelled,,2026-05-28 13:29:16,2026-05-28 13:47:27,3121873955,,,
FOREXCOM:US30,Sell,Limit,20,50719.5,,,Cancelled,,2026-05-28 17:00:06,2026-05-28 17:01:15,3122540593,,,