Time,Text
2026-05-28 22:20:38,Order 3122973575 modification confirmed
2026-05-28 22:20:38,Modify position for symbol WHSELFINVEST:JAPAN225CFD with TP 65788
2026-05-28 22:20:32,Order 3122973575 modification confirmed
2026-05-28 22:20:32,Modify position for symbol WHSELFINVEST:JAPAN225CFD with TP 65825
2026-05-28 22:19:52,Order 3122973575 modification confirmed
2026-05-28 22:19:52,Modify position for symbol WHSELFINVEST:JAPAN225CFD with TP 65782
2026-05-28 22:16:20,Order 3122973575 modification confirmed
2026-05-28 22:16:20,Modify position for symbol WHSELFINVEST:JAPAN225CFD with TP 65731
2026-05-28 22:16:08,Order 3122980481 for symbol WHSELFINVEST:JAPAN225CFD has been executed at price 65952 for 500 units
2026-05-28 22:16:08,Order 3122980481 successfully placed
2026-05-28 22:16:08,Call to place market order to sell 500 units of symbol WHSELFINVEST:JAPAN225CFD 
2026-05-28 22:14:00,Order 3122975907 for symbol WHSELFINVEST:JAPAN225CFD has been executed at price 65824 for 500 units
2026-05-28 22:14:00,Order 3122975907 successfully placed
2026-05-28 22:14:00,Call to place market order to sell 500 units of symbol WHSELFINVEST:JAPAN225CFD 
2026-05-28 22:12:57,Order 3122973575 successfully placed
2026-05-28 22:12:57,Modify position for symbol WHSELFINVEST:JAPAN225CFD with TP 65653
2026-05-28 22:12:52,Order 3122973396 for symbol WHSELFINVEST:JAPAN225CFD has been executed at price 65899 for 500 units
2026-05-28 22:12:52,Order 3122973396 successfully placed
2026-05-28 22:12:52,Call to place market order to sell 500 units of symbol WHSELFINVEST:JAPAN225CFD 
2026-05-28 22:08:55,Order 3122964358 for symbol WHSELFINVEST:JAPAN225CFD has been executed at price 65914 for 2000 units
2026-05-28 22:08:55,Order 3122964358 successfully placed
2026-05-28 22:08:55,Order 3122917083 successfully cancelled
2026-05-28 22:08:55,Call to place market order to sell 2000 units of symbol WHSELFINVEST:JAPAN225CFD 
2026-05-28 22:08:42,Order 3122917083 modification confirmed
2026-05-28 22:08:42,Modify position for symbol WHSELFINVEST:JAPAN225CFD with TP 65976
2026-05-28 22:03:10,Order 3122917083 modification confirmed
2026-05-28 22:03:09,Modify position for symbol WHSELFINVEST:JAPAN225CFD with TP 65943
2026-05-28 21:49:18,Order 3122926200 for symbol WHSELFINVEST:JAPAN225CFD has been executed at price 65721 for 500 units
2026-05-28 21:49:18,Order 3122926200 successfully placed
2026-05-28 21:49:18,Call to place market order to buy 500 units of symbol WHSELFINVEST:JAPAN225CFD 
2026-05-28 21:43:47,Order 3122917083 successfully placed
2026-05-28 21:43:47,Modify position for symbol WHSELFINVEST:JAPAN225CFD with TP 65992
2026-05-28 21:39:01,Order 3122908576 for symbol WHSELFINVEST:JAPAN225CFD has been executed at price 65779 for 500 units
2026-05-28 21:39:01,Order 3122908576 successfully placed
2026-05-28 21:39:01,Call to place market order to buy 500 units of symbol WHSELFINVEST:JAPAN225CFD 
2026-05-28 21:32:18,Order 3122896289 for symbol WHSELFINVEST:JAPAN225CFD has been executed at price 65854 for 500 units
2026-05-28 21:32:18,Order 3122896289 successfully placed
2026-05-28 21:32:18,Call to place market order to buy 500 units of symbol WHSELFINVEST:JAPAN225CFD 
2026-05-28 21:29:03,Order 3122890364 for symbol WHSELFINVEST:JAPAN225CFD has been executed at price 65974 for 500 units
2026-05-28 21:29:03,Order 3122890364 successfully placed
2026-05-28 21:29:03,Call to place market order to buy 500 units of symbol WHSELFINVEST:JAPAN225CFD 
2026-05-28 21:28:07,Order 3122888789 for symbol WHSELFINVEST:JAPAN225CFD has been executed at price 65979 for 500 units
2026-05-28 21:28:07,Order 3122888789 successfully placed
2026-05-28 21:28:07,Call to place market order to sell 500 units of symbol WHSELFINVEST:JAPAN225CFD 
2026-05-28 21:27:45,Order 3122888189 for symbol WHSELFINVEST:JAPAN225CFD has been executed at price 65966 for 500 units
2026-05-28 21:27:45,Order 3122888189 successfully placed
2026-05-28 21:27:45,Call to place market order to buy 500 units of symbol WHSELFINVEST:JAPAN225CFD 
2026-05-28 21:26:34,Order 3122876252 for symbol WHSELFINVEST:JAPAN225CFD has been executed at price 66014 for 2500 units
2026-05-28 21:22:36,Order 3122878575 for symbol WHSELFINVEST:JAPAN225CFD has been executed at price 65801 for 500 units
2026-05-28 21:22:36,Order 3122878575 successfully placed
2026-05-28 21:22:36,Call to place market order to buy 500 units of symbol WHSELFINVEST:JAPAN225CFD 
2026-05-28 21:21:24,Order 3122876252 successfully placed
2026-05-28 21:21:24,Modify position for symbol WHSELFINVEST:JAPAN225CFD with TP 66007
2026-05-28 21:18:52,Order 3122871421 for symbol WHSELFINVEST:JAPAN225CFD has been executed at price 65909 for 500 units
2026-05-28 21:18:52,Order 3122871421 successfully placed
2026-05-28 21:18:52,Call to place market order to buy 500 units of symbol WHSELFINVEST:JAPAN225CFD 
2026-05-28 21:17:08,Order 3122868169 for symbol WHSELFINVEST:JAPAN225CFD has been executed at price 66016 for 500 units
2026-05-28 21:17:08,Order 3122868169 successfully placed
2026-05-28 21:17:07,Call to place market order to buy 500 units of symbol WHSELFINVEST:JAPAN225CFD 
2026-05-28 21:16:16,Order 3122866509 for symbol WHSELFINVEST:JAPAN225CFD has been executed at price 65984 for 500 units
2026-05-28 21:16:16,Order 3122866509 successfully placed
2026-05-28 21:16:16,Call to place market order to buy 500 units of symbol WHSELFINVEST:JAPAN225CFD 
2026-05-28 21:15:57,Order 3122865884 for symbol WHSELFINVEST:JAPAN225CFD has been executed at price 65964 for 500 units
2026-05-28 21:15:57,Order 3122865884 successfully placed
2026-05-28 21:15:57,Call to place market order to buy 500 units of symbol WHSELFINVEST:JAPAN225CFD 
2026-05-28 21:15:41,Order 3122865396 for symbol WHSELFINVEST:JAPAN225CFD has been executed at price 65939 for 500 units
2026-05-28 21:15:41,Order 3122865396 successfully placed
2026-05-28 21:15:41,Order 3122863818 successfully cancelled
2026-05-28 21:15:41,Call to place market order to buy 500 units of symbol WHSELFINVEST:JAPAN225CFD 
2026-05-28 21:14:53,Order 3122863818 successfully placed
2026-05-28 21:14:53,Modify position for symbol WHSELFINVEST:JAPAN225CFD with TP 65599
2026-05-28 21:14:43,Order 3122863557 for symbol WHSELFINVEST:JAPAN225CFD has been executed at price 65947 for 500 units
2026-05-28 21:14:43,Order 3122863557 successfully placed
2026-05-28 21:14:43,Call to place market order to sell 500 units of symbol WHSELFINVEST:JAPAN225CFD 
2026-05-28 21:13:04,Order 3122860067 for symbol WHSELFINVEST:JAPAN225CFD has been executed at price 65894 for 500 units
2026-05-28 21:13:04,Order 3122858540 successfully cancelled
2026-05-28 21:12:49,Order 3122858540 modification confirmed
2026-05-28 21:12:49,Order 3122860067 successfully placed
2026-05-28 21:12:49,Modify position for symbol WHSELFINVEST:JAPAN225CFD with SL 65879 and TP 65622
2026-05-28 21:11:55,Order 3122858540 successfully placed
2026-05-28 21:11:55,Modify position for symbol WHSELFINVEST:JAPAN225CFD with TP 65622
2026-05-28 21:11:51,Order 3122858419 for symbol WHSELFINVEST:JAPAN225CFD has been executed at price 65894 for 500 units
2026-05-28 21:11:51,Order 3122858419 successfully placed
2026-05-28 21:11:50,Call to place market order to sell 500 units of symbol WHSELFINVEST:JAPAN225CFD 
2026-05-28 21:11:31,Order 3122857880 for symbol WHSELFINVEST:JAPAN225CFD has been executed at price 65917 for 1000 units
2026-05-28 21:11:31,Order 3122857880 successfully placed
2026-05-28 21:11:31,Call to place market order to sell 1000 units of symbol WHSELFINVEST:JAPAN225CFD 
2026-05-28 21:10:56,Order 3122856719 for symbol WHSELFINVEST:JAPAN225CFD has been executed at price 65896 for 500 units
2026-05-28 21:10:56,Order 3122856719 successfully placed
2026-05-28 21:10:56,Call to place market order to buy 500 units of symbol WHSELFINVEST:JAPAN225CFD 
2026-05-28 21:06:49,Order 3122849810 for symbol WHSELFINVEST:JAPAN225CFD has been executed at price 65926 for 500 units
2026-05-28 21:06:49,Order 3122849810 successfully placed
2026-05-28 21:06:49,Call to place market order to buy 500 units of symbol WHSELFINVEST:JAPAN225CFD 
2026-05-28 21:02:30,Order 3122841524 for symbol WHSELFINVEST:JAPAN225CFD has been executed at price 65599 for 500 units
2026-05-28 21:02:30,Order 3122841524 successfully placed
2026-05-28 21:02:30,Call to place market order to sell 500 units of symbol WHSELFINVEST:JAPAN225CFD 
2026-05-28 20:59:33,Order 3122835675 for symbol WHSELFINVEST:JAPAN225CFD has been executed at price 65793 for 500 units
2026-05-28 20:59:33,Order 3122835675 successfully placed
2026-05-28 20:59:33,Call to place market order to buy 500 units of symbol WHSELFINVEST:JAPAN225CFD 
2026-05-28 20:52:21,Order 3122827036 for symbol WHSELFINVEST:JAPAN225CFD has been executed at price 65600 for 500 units
2026-05-28 20:52:21,Order 3122827036 successfully placed
2026-05-28 20:52:21,Call to place market order to buy 500 units of symbol WHSELFINVEST:JAPAN225CFD 
2026-05-28 20:51:46,Order 3122826251 for symbol WHSELFINVEST:JAPAN225CFD has been executed at price 65600 for 500 units
2026-05-28 20:51:46,Order 3122826251 successfully placed
2026-05-28 20:51:46,Call to place market order to sell 500 units of symbol WHSELFINVEST:JAPAN225CFD 
2026-05-28 17:03:31,Order 3122548060 for symbol FOREXCOM:US30 has been executed at price 50707.5 for 20 units
2026-05-28 17:03:31,Order 3122548060 successfully placed
2026-05-28 17:03:31,Call to place market order to sell 20 units of symbol FOREXCOM:US30 
2026-05-28 17:03:21,Order 3122547707 for symbol FOREXCOM:US30 has been executed at price 50708.4 for 10 units
2026-05-28 17:03:21,Order 3122547707 successfully placed
2026-05-28 17:03:21,Call to place market order to buy 10 units of symbol FOREXCOM:US30 
2026-05-28 17:02:46,Order 3122546479 for symbol FOREXCOM:US30 has been executed at price 50702.9 for 10 units
2026-05-28 17:02:46,Order 3122546479 successfully placed
2026-05-28 17:02:46,Call to place market order to buy 10 units of symbol FOREXCOM:US30 
2026-05-28 17:02:30,Order 3122545961 for symbol FOREXCOM:US30 has been executed at price 50704.5 for 30 units
2026-05-28 17:02:30,Order 3122545961 successfully placed
2026-05-28 17:02:30,Call to place market order to sell 30 units of symbol FOREXCOM:US30 
2026-05-28 17:01:29,Order 3122543685 for symbol FOREXCOM:US30 has been executed at price 50709.9 for 10 units
2026-05-28 17:01:29,Order 3122543685 successfully placed
2026-05-28 17:01:29,Call to place market order to buy 10 units of symbol FOREXCOM:US30 
2026-05-28 17:01:15,Order 3122540593 successfully cancelled
2026-05-28 17:00:07,Order 3122540593 successfully placed
2026-05-28 17:00:06,Modify position for symbol FOREXCOM:US30 with TP 50719.5
2026-05-28 16:57:03,Order 3122534058 for symbol FOREXCOM:US30 has been executed at price 50673.4 for 10 units
2026-05-28 16:57:03,Order 3122534058 successfully placed
2026-05-28 16:57:03,Call to place market order to buy 10 units of symbol FOREXCOM:US30 
2026-05-28 16:55:40,Order 3122530888 for symbol FOREXCOM:US30 has been executed at price 50692.4 for 10 units
2026-05-28 16:55:40,Order 3122530888 successfully placed
2026-05-28 16:55:40,Call to place market order to buy 10 units of symbol FOREXCOM:US30 
2026-05-28 16:54:35,Order 3122528249 for symbol FOREXCOM:US30 has been executed at price 50677.9 for 20 units
2026-05-28 16:54:35,Order 3122528249 successfully placed
2026-05-28 16:54:35,Call to place market order to buy 20 units of symbol FOREXCOM:US30 
2026-05-28 16:53:52,Order 3122526424 for symbol FOREXCOM:US30 has been executed at price 50681.0 for 10 units
2026-05-28 16:53:52,Order 3122526424 successfully placed
2026-05-28 16:53:52,Call to place market order to sell 10 units of symbol FOREXCOM:US30 
2026-05-28 16:53:40,Order 3122525997 for symbol FOREXCOM:US30 has been executed at price 50676.5 for 10 units
2026-05-28 16:53:40,Order 3122525997 successfully placed
2026-05-28 16:53:40,Call to place market order to sell 10 units of symbol FOREXCOM:US30 
2026-05-28 16:51:26,Order 3122520139 for symbol FOREXCOM:US30 has been executed at price 50669.5 for 30 units
2026-05-28 16:51:26,Order 3122520139 successfully placed
2026-05-28 16:51:26,Call to place market order to sell 30 units of symbol FOREXCOM:US30 
2026-05-28 16:47:28,Order 3122510548 for symbol FOREXCOM:US30 has been executed at price 50653.4 for 10 units
2026-05-28 16:47:28,Order 3122510548 successfully placed
2026-05-28 16:47:28,Call to place market order to buy 10 units of symbol FOREXCOM:US30 
2026-05-28 16:46:32,Order 3122508296 for symbol FOREXCOM:US30 has been executed at price 50665.9 for 10 units
2026-05-28 16:46:32,Order 3122508296 successfully placed
2026-05-28 16:46:32,Call to place market order to buy 10 units of symbol FOREXCOM:US30 
2026-05-28 16:46:24,Order 3122507939 for symbol FOREXCOM:US30 has been executed at price 50664.4 for 10 units
2026-05-28 16:46:24,Order 3122507939 successfully placed
2026-05-28 16:46:24,Call to place market order to buy 10 units of symbol FOREXCOM:US30 
2026-05-28 16:45:25,Order 3122504993 for symbol TVC:SPX has been executed at price 7564.43 for 35 units
2026-05-28 16:45:25,Order 3122504993 successfully placed
2026-05-28 16:45:24,Call to place market order to buy 35 units of symbol TVC:SPX 
2026-05-28 16:43:42,Order 3122501177 for symbol TVC:SPX has been executed at price 7564.43 for 35 units
2026-05-28 16:43:42,Order 3122501177 successfully placed